id,train Number,train Departure Station,train Arrival Station,train Id,passenger Surname,passport Number,carriage Number,seat Number,departure Date
473,304Р,Харків-Пасажирський,Кривий Ріг-Головний,5,Ткаченко,139399599,3,7,01-01-2025
280,101ІС+,Київ-Пасажирський,Львів,3,Кравченко,221445241,2,25,02-01-2025
384,345НШ,Дніпро-Головний,Миколаїв,4,Шевченко,АК941998,5,29,02-01-2025
586,223ІС,Миколаїв,Київ-Пасажирський,23,Олійник,589982683,1,20,03-01-2025
460,304Р,Харків-Пасажирський,Кривий Ріг-Головний,5,Шевченко,427333155,1,30,03-01-2025
432,304Р,Харків-Пасажирський,Кривий Ріг-Головний,5,Кравченко,СК297198,3,24,03-01-2025
344,345НШ,Дніпро-Головний,Миколаїв,4,Шевченко,МК168815,5,10,04-01-2025
526,710НЕ,Хмельницький,Київ-Пасажирський,11,Коваленко,427748905,2,20,05-01-2025
377,345НШ,Дніпро-Головний,Миколаїв,4,Олійник,АК506356,2,23,06-01-2025
93,102ІС,Одеса-Головна,Дніпро-Головний,1,Кравченко,СК718926,4,1,06-01-2025
288,101ІС+,Київ-Пасажирський,Львів,3,Поліщук,ТК884262,3,15,08-01-2025
550,456НШ,Львів,Київ-Пасажирський,15,Бондаренко,898167643,3,18,09-01-2025
292,101ІС+,Київ-Пасажирський,Львів,3,Шевченко,АК432276,4,7,09-01-2025
531,102НЕ,Івано-Франківськ,Житомир,12,Кравченко,184664350,3,11,10-01-2025
373,345НШ,Дніпро-Головний,Миколаїв,4,Коваленко,СК113579,4,12,10-01-2025
466,304Р,Харків-Пасажирський,Кривий Ріг-Головний,5,Сидоренко,848734102,5,4,10-01-2025
566,678НП,Тернопіль,Хмельницький,19,Шевченко,МК720537,5,23,10-01-2025
442,304Р,Харків-Пасажирський,Кривий Ріг-Головний,5,Олійник,409284102,2,8,12-01-2025
372,345НШ,Дніпро-Головний,Миколаїв,4,Олійник,302246312,4,13,12-01-2025
489,304Р,Харків-Пасажирський,Кривий Ріг-Головний,5,Поліщук,МК922095,4,27,13-01-2025
592,334ІС,Тернопіль,Дніпро-Головний,24,Шевченко,427333155,3,20,14-01-2025
348,345НШ,Дніпро-Головний,Миколаїв,4,Клименко,389674185,3,30,14-01-2025
165,203ІС,Львів,Івано-Франківськ,2,Сидоренко,АК111339,3,14,15-01-2025
244,101ІС+,Київ-Пасажирський,Львів,3,Ткаченко,620419183,2,28,16-01-2025
239,101ІС+,Київ-Пасажирський,Львів,3,Ткаченко,ТК829030,5,22,16-01-2025
613,578ІС,Дніпро-Головний,Миколаїв,28,Олійник,АК130902,5,29,17-01-2025
27,102ІС,Одеса-Головна,Дніпро-Головний,1,Клименко,АК663627,1,13,18-01-2025
462,304Р,Харків-Пасажирський,Кривий Ріг-Головний,5,Олійник,ТК554151,5,3,18-01-2025
551,708РЕ,Тернопіль,Львів,16,Ткаченко,АК921478,2,18,19-01-2025
212,101ІС+,Київ-Пасажирський,Львів,3,Олійник,СК775874,5,19,19-01-2025
412,304Р,Харків-Пасажирський,Кривий Ріг-Головний,5,Олійник,МК360094,5,23,19-01-2025
306,345НШ,Дніпро-Головний,Миколаїв,4,Шевченко,185112241,4,19,22-01-2025
86,102ІС,Одеса-Головна,Дніпро-Головний,1,Ткаченко,АК114678,5,27,22-01-2025
405,304Р,Харків-Пасажирський,Кривий Ріг-Головний,5,Сидоренко,АК429460,1,14,23-01-2025
200,203ІС,Львів,Івано-Франківськ,2,Поліщук,585850061,2,26,23-01-2025
277,101ІС+,Київ-Пасажирський,Львів,3,Поліщук,СК377353,1,1,24-01-2025
135,203ІС,Львів,Івано-Франківськ,2,Коваленко,АК196905,1,5,25-01-2025
324,345НШ,Дніпро-Головний,Миколаїв,4,Ткаченко,ТК678239,3,12,26-01-2025
124,203ІС,Львів,Івано-Франківськ,2,Ткаченко,725867849,1,6,27-01-2025
183,203ІС,Львів,Івано-Франківськ,2,Шевченко,АК256500,1,27,27-01-2025
463,304Р,Харків-Пасажирський,Кривий Ріг-Головний,5,Олійник,795499189,1,20,28-01-2025
470,304Р,Харків-Пасажирський,Кривий Ріг-Головний,5,Кравченко,МК835590,2,26,28-01-2025
50,102ІС,Одеса-Головна,Дніпро-Головний,1,Романенко,ТК152706,3,27,28-01-2025
284,101ІС+,Київ-Пасажирський,Львів,3,Клименко,МК864980,4,28,28-01-2025
17,102ІС,Одеса-Головна,Дніпро-Головний,1,Сидоренко,449129472,5,25,28-01-2025
210,101ІС+,Київ-Пасажирський,Львів,3,Клименко,ТК665135,5,17,01-02-2025
182,203ІС,Львів,Івано-Франківськ,2,Ткаченко,АК152946,5,20,01-02-2025
369,345НШ,Дніпро-Головний,Миколаїв,4,Клименко,365062733,2,24,04-02-2025
43,102ІС,Одеса-Головна,Дніпро-Головний,1,Олійник,АК569052,2,30,04-02-2025
516,607РЕ,Миколаїв,Дніпро-Головний,9,Коваленко,120498143,3,15,04-02-2025
433,304Р,Харків-Пасажирський,Кривий Ріг-Головний,5,Романенко,ТК746729,4,6,04-02-2025
475,304Р,Харків-Пасажирський,Кривий Ріг-Головний,5,Поліщук,346659688,5,21,04-02-2025
530,710НЕ,Хмельницький,Київ-Пасажирський,11,Поліщук,468488944,4,5,05-02-2025
389,345НШ,Дніпро-Головний,Миколаїв,4,Бондаренко,203075310,3,24,06-02-2025
588,223ІС,Миколаїв,Київ-Пасажирський,23,Олійник,862152011,2,28,07-02-2025
122,203ІС,Львів,Івано-Франківськ,2,Кравченко,АК508291,4,22,07-02-2025
482,304Р,Харків-Пасажирський,Кривий Ріг-Головний,5,Олійник,188175622,5,27,08-02-2025
184,203ІС,Львів,Івано-Франківськ,2,Кравченко,ТК822036,2,11,09-02-2025
447,304Р,Харків-Пасажирський,Кривий Ріг-Головний,5,Романенко,758926922,2,24,09-02-2025
421,304Р,Харків-Пасажирський,Кривий Ріг-Головний,5,Поліщук,352581284,4,8,09-02-2025
579,502НП,Львів,Одеса-Головна,21,Романенко,914589948,4,12,09-02-2025
114,203ІС,Львів,Івано-Франківськ,2,Бондаренко,159999213,5,17,09-02-2025
365,345НШ,Дніпро-Головний,Миколаїв,4,Шевченко,167744663,4,12,10-02-2025
426,304Р,Харків-Пасажирський,Кривий Ріг-Головний,5,Бондаренко,МК485816,1,6,11-02-2025
222,101ІС+,Київ-Пасажирський,Львів,3,Сидоренко,АК704653,3,30,11-02-2025
604,445ІС+,Чернівці,Львів,26,Романенко,СК501844,4,9,11-02-2025
173,203ІС,Львів,Івано-Франківськ,2,Олійник,580386905,5,5,11-02-2025
332,345НШ,Дніпро-Головний,Миколаїв,4,Олійник,ТК978174,3,26,12-02-2025
353,345НШ,Дніпро-Головний,Миколаїв,4,Кравченко,АК960341,4,6,12-02-2025
337,345НШ,Дніпро-Головний,Миколаїв,4,Кравченко,205247338,5,15,12-02-2025
547,456НШ,Львів,Київ-Пасажирський,15,Олійник,СК887521,1,30,13-02-2025
217,101ІС+,Київ-Пасажирський,Львів,3,Кравченко,983171336,3,4,13-02-2025
479,304Р,Харків-Пасажирський,Кривий Ріг-Головний,5,Поліщук,ТК522418,3,11,13-02-2025
148,203ІС,Львів,Івано-Франківськ,2,Клименко,ТК800268,3,27,13-02-2025
474,304Р,Харків-Пасажирський,Кривий Ріг-Головний,5,Олійник,922032410,1,1,14-02-2025
3,102ІС,Одеса-Головна,Дніпро-Головний,1,Олійник,АК103695,4,23,14-02-2025
175,203ІС,Львів,Івано-Франківськ,2,Поліщук,842282957,1,1,15-02-2025
119,203ІС,Львів,Івано-Франківськ,2,Поліщук,721374030,1,27,15-02-2025
232,101ІС+,Київ-Пасажирський,Львів,3,Шевченко,158912189,1,28,16-02-2025
357,345НШ,Дніпро-Головний,Миколаїв,4,Сидоренко,121441059,2,2,16-02-2025
37,102ІС,Одеса-Головна,Дніпро-Головний,1,Ткаченко,170553055,2,22,16-02-2025
478,304Р,Харків-Пасажирський,Кривий Ріг-Головний,5,Шевченко,ТК152881,3,25,16-02-2025
503,112НЕ,Полтава-Київська,Чернівці,6,Олійник,СК260708,5,28,16-02-2025
575,689НП,Київ-Пасажирський,Одеса-Головна,20,Сидоренко,МК518626,5,19,17-02-2025
568,678НП,Тернопіль,Хмельницький,19,Сидоренко,776311939,1,8,18-02-2025
382,345НШ,Дніпро-Головний,Миколаїв,4,Сидоренко,507358741,3,18,18-02-2025
528,710НЕ,Хмельницький,Київ-Пасажирський,11,Романенко,561091878,1,12,19-02-2025
249,101ІС+,Київ-Пасажирський,Львів,3,Коваленко,461657354,4,26,19-02-2025
258,101ІС+,Київ-Пасажирський,Львів,3,Клименко,322533528,1,26,20-02-2025
228,101ІС+,Київ-Пасажирський,Львів,3,Поліщук,ТК590251,2,30,20-02-2025
493,304Р,Харків-Пасажирський,Кривий Ріг-Головний,5,Поліщук,805958483,4,29,20-02-2025
388,345НШ,Дніпро-Головний,Миколаїв,4,Ткаченко,ТК845462,5,10,20-02-2025
91,102ІС,Одеса-Головна,Дніпро-Головний,1,Коваленко,МК577411,5,28,20-02-2025
538,123НЕ,Одеса-Головна,Тернопіль,13,Шевченко,ТК241946,1,2,21-02-2025
34,102ІС,Одеса-Головна,Дніпро-Головний,1,Клименко,МК573861,1,13,22-02-2025
318,345НШ,Дніпро-Головний,Миколаїв,4,Шевченко,338851601,1,22,22-02-2025
94,102ІС,Одеса-Головна,Дніпро-Головний,1,Романенко,159592786,2,1,22-02-2025
295,101ІС+,Київ-Пасажирський,Львів,3,Олійник,819569633,1,7,24-02-2025
495,304Р,Харків-Пасажирський,Кривий Ріг-Головний,5,Сидоренко,893297485,2,21,24-02-2025
452,304Р,Харків-Пасажирський,Кривий Ріг-Головний,5,Кравченко,МК506920,4,3,24-02-2025
513,506Р,Київ-Пасажирський,Вінниця,8,Сидоренко,623906272,1,10,25-02-2025
570,678НП,Тернопіль,Хмельницький,19,Олійник,АК438345,1,8,26-02-2025
321,345НШ,Дніпро-Головний,Миколаїв,4,Коваленко,627899703,3,6,26-02-2025
65,102ІС,Одеса-Головна,Дніпро-Головний,1,Олійник,175143455,4,6,26-02-2025
2,102ІС,Одеса-Головна,Дніпро-Головний,1,Кравченко,848775422,4,11,26-02-2025
341,345НШ,Дніпро-Головний,Миколаїв,4,Олійник,СК624489,4,25,26-02-2025
521,709РЕ,Чернівці,Одеса-Головна,10,Сидоренко,СК752704,2,12,28-02-2025
449,304Р,Харків-Пасажирський,Кривий Ріг-Головний,5,Ткаченко,531750792,1,9,01-03-2025
163,203ІС,Львів,Івано-Франківськ,2,Шевченко,АК945738,4,7,01-03-2025
126,203ІС,Львів,Івано-Франківськ,2,Поліщук,583150316,5,2,01-03-2025
314,345НШ,Дніпро-Головний,Миколаїв,4,Поліщук,214716493,3,12,02-03-2025
90,102ІС,Одеса-Головна,Дніпро-Головний,1,Клименко,ТК583532,4,2,02-03-2025
392,345НШ,Дніпро-Головний,Миколаїв,4,Романенко,166289620,4,26,04-03-2025
574,689НП,Київ-Пасажирський,Одеса-Головна,20,Коваленко,МК951734,5,23,04-03-2025
177,203ІС,Львів,Івано-Франківськ,2,Шевченко,АК171607,1,30,05-03-2025
159,203ІС,Львів,Івано-Франківськ,2,Клименко,ТК343506,2,9,07-03-2025
465,304Р,Харків-Пасажирський,Кривий Ріг-Головний,5,Сидоренко,АК780224,3,6,07-03-2025
265,101ІС+,Київ-Пасажирський,Львів,3,Олійник,488153739,1,12,08-03-2025
35,102ІС,Одеса-Головна,Дніпро-Головний,1,Шевченко,МК566325,4,10,08-03-2025
520,607РЕ,Миколаїв,Дніпро-Головний,9,Шевченко,МК877256,3,3,09-03-2025
194,203ІС,Львів,Івано-Франківськ,2,Кравченко,196134189,5,23,09-03-2025
336,345НШ,Дніпро-Головний,Миколаїв,4,Ткаченко,239650753,1,5,10-03-2025
256,101ІС+,Київ-Пасажирський,Львів,3,Ткаченко,АК414708,2,22,10-03-2025
97,102ІС,Одеса-Головна,Дніпро-Головний,1,Коваленко,298550314,2,27,10-03-2025
416,304Р,Харків-Пасажирський,Кривий Ріг-Головний,5,Кравченко,СК861121,3,6,10-03-2025
185,203ІС,Львів,Івано-Франківськ,2,Олійник,646595557,5,1,11-03-2025
565,556ІС+,Одеса-Головна,Запоріжжя-1,18,Кравченко,123951100,4,2,13-03-2025
428,304Р,Харків-Пасажирський,Кривий Ріг-Головний,5,Поліщук,ТК749295,2,10,15-03-2025
207,101ІС+,Київ-Пасажирський,Львів,3,Сидоренко,ТК501339,4,25,15-03-2025
595,334ІС,Тернопіль,Дніпро-Головний,24,Клименко,627254904,1,25,16-03-2025
16,102ІС,Одеса-Головна,Дніпро-Головний,1,Клименко,АК200841,4,7,16-03-2025
131,203ІС,Львів,Івано-Франківськ,2,Бондаренко,899608967,2,12,17-03-2025
563,556ІС+,Одеса-Головна,Запоріжжя-1,18,Романенко,МК419264,3,3,17-03-2025
576,502НП,Львів,Одеса-Головна,21,Кравченко,466399620,3,22,17-03-2025
529,710НЕ,Хмельницький,Київ-Пасажирський,11,Поліщук,МК791286,3,24,17-03-2025
259,101ІС+,Київ-Пасажирський,Львів,3,Романенко,670203743,4,12,17-03-2025
192,203ІС,Львів,Івано-Франківськ,2,Ткаченко,364275366,4,25,17-03-2025
281,101ІС+,Київ-Пасажирський,Львів,3,Кравченко,573661493,5,9,18-03-2025
169,203ІС,Львів,Івано-Франківськ,2,Ткаченко,618780407,5,25,19-03-2025
571,689НП,Київ-Пасажирський,Одеса-Головна,20,Коваленко,МК367625,5,29,19-03-2025
435,304Р,Харків-Пасажирський,Кривий Ріг-Головний,5,Ткаченко,ТК500770,4,12,20-03-2025
347,345НШ,Дніпро-Головний,Миколаїв,4,Клименко,103284345,2,10,22-03-2025
23,102ІС,Одеса-Головна,Дніпро-Головний,1,Поліщук,МК845674,3,26,22-03-2025
8,102ІС,Одеса-Головна,Дніпро-Головний,1,Клименко,705977610,4,30,22-03-2025
54,102ІС,Одеса-Головна,Дніпро-Головний,1,Клименко,ТК405175,2,7,24-03-2025
186,203ІС,Львів,Івано-Франківськ,2,Коваленко,СК334915,4,23,25-03-2025
333,345НШ,Дніпро-Головний,Миколаїв,4,Олійник,204969367,2,13,26-03-2025
376,345НШ,Дніпро-Головний,Миколаїв,4,Олійник,ТК704624,3,23,26-03-2025
606,667ІС+,Кривий Ріг-Головний,Івано-Франківськ,27,Шевченко,589212342,5,9,26-03-2025
140,203ІС,Львів,Івано-Франківськ,2,Шевченко,646528072,5,6,27-03-2025
508,405Р,Запоріжжя-1,Одеса-Головна,7,Шевченко,МК919413,2,6,28-03-2025
583,112ІС,Харків-Пасажирський,Полтава-Київська,22,Шевченко,878696037,4,20,28-03-2025
326,345НШ,Дніпро-Головний,Миколаїв,4,Шевченко,МК867537,4,22,28-03-2025
22,102ІС,Одеса-Головна,Дніпро-Головний,1,Олійник,724480004,5,12,02-04-2025
220,101ІС+,Київ-Пасажирський,Львів,3,Романенко,471479503,1,6,03-04-2025
208,101ІС+,Київ-Пасажирський,Львів,3,Ткаченко,581098074,3,19,03-04-2025
457,304Р,Харків-Пасажирський,Кривий Ріг-Головний,5,Олійник,МК180768,3,26,04-04-2025
371,345НШ,Дніпро-Головний,Миколаїв,4,Олійник,МК131042,4,9,04-04-2025
461,304Р,Харків-Пасажирський,Кривий Ріг-Головний,5,Романенко,МК688223,1,19,08-04-2025
128,203ІС,Львів,Івано-Франківськ,2,Ткаченко,842161595,2,15,09-04-2025
414,304Р,Харків-Пасажирський,Кривий Ріг-Головний,5,Шевченко,265436070,3,7,09-04-2025
381,345НШ,Дніпро-Головний,Миколаїв,4,Ткаченко,242547656,1,1,10-04-2025
323,345НШ,Дніпро-Головний,Миколаїв,4,Поліщук,181811635,4,2,10-04-2025
502,112НЕ,Полтава-Київська,Чернівці,6,Романенко,СК445874,4,29,10-04-2025
202,101ІС+,Київ-Пасажирський,Львів,3,Олійник,227752034,1,29,11-04-2025
13,102ІС,Одеса-Головна,Дніпро-Головний,1,Ткаченко,СК276002,3,26,12-04-2025
506,405Р,Запоріжжя-1,Одеса-Головна,7,Олійник,ТК624138,5,22,12-04-2025
224,101ІС+,Київ-Пасажирський,Львів,3,Кравченко,ТК367822,1,9,13-04-2025
153,203ІС,Львів,Івано-Франківськ,2,Клименко,233243091,3,20,13-04-2025
319,345НШ,Дніпро-Головний,Миколаїв,4,Сидоренко,247447599,3,6,14-04-2025
1,102ІС,Одеса-Головна,Дніпро-Головний,1,Шевченко,190206433,5,5,14-04-2025
70,102ІС,Одеса-Головна,Дніпро-Головний,1,Шевченко,СК394783,1,15,16-04-2025
68,102ІС,Одеса-Головна,Дніпро-Головний,1,Олійник,933940882,3,12,16-04-2025
315,345НШ,Дніпро-Головний,Миколаїв,4,Клименко,501052648,3,14,16-04-2025
79,102ІС,Одеса-Головна,Дніпро-Головний,1,Кравченко,500025377,4,4,16-04-2025
296,101ІС+,Київ-Пасажирський,Львів,3,Олійник,923136915,3,1,17-04-2025
331,345НШ,Дніпро-Головний,Миколаїв,4,Кравченко,805596718,1,23,18-04-2025
422,304Р,Харків-Пасажирський,Кривий Ріг-Головний,5,Олійник,МК156153,2,7,18-04-2025
255,101ІС+,Київ-Пасажирський,Львів,3,Клименко,ТК986217,4,21,18-04-2025
594,334ІС,Тернопіль,Дніпро-Головний,24,Бондаренко,741995058,3,17,20-04-2025
519,607РЕ,Миколаїв,Дніпро-Головний,9,Сидоренко,822733550,1,4,21-04-2025
539,123НЕ,Одеса-Головна,Тернопіль,13,Кравченко,МК614312,5,18,21-04-2025
19,102ІС,Одеса-Головна,Дніпро-Головний,1,Олійник,МК462988,4,15,22-04-2025
142,203ІС,Львів,Івано-Франківськ,2,Шевченко,999880568,1,20,23-04-2025
223,101ІС+,Київ-Пасажирський,Львів,3,Шевченко,СК609985,3,26,23-04-2025
427,304Р,Харків-Пасажирський,Кривий Ріг-Головний,5,Романенко,МК697516,2,9,24-04-2025
26,102ІС,Одеса-Головна,Дніпро-Головний,1,Кравченко,400820701,2,25,24-04-2025
386,345НШ,Дніпро-Головний,Миколаїв,4,Коваленко,429606910,5,27,24-04-2025
213,101ІС+,Київ-Пасажирський,Львів,3,Олійник,853298061,5,24,25-04-2025
138,203ІС,Львів,Івано-Франківськ,2,Романенко,793410254,5,29,25-04-2025
6,102ІС,Одеса-Головна,Дніпро-Головний,1,Шевченко,427333155,1,30,26-04-2025
328,345НШ,Дніпро-Головний,Миколаїв,4,Бондаренко,МК744451,5,2,26-04-2025
160,203ІС,Львів,Івано-Франківськ,2,Кравченко,СК279996,1,14,27-04-2025
602,445ІС+,Чернівці,Львів,26,Поліщук,362826061,5,27,27-04-2025
29,102ІС,Одеса-Головна,Дніпро-Головний,1,Коваленко,МК410065,2,13,28-04-2025
455,304Р,Харків-Пасажирський,Кривий Ріг-Головний,5,Романенко,900378769,3,5,28-04-2025
109,203ІС,Львів,Івано-Франківськ,2,Кравченко,831854884,1,10,01-05-2025
269,101ІС+,Київ-Пасажирський,Львів,3,Сидоренко,964667934,5,30,01-05-2025
607,667ІС+,Кривий Ріг-Головний,Івано-Франківськ,27,Бондаренко,СК583747,1,14,02-05-2025
316,345НШ,Дніпро-Головний,Миколаїв,4,Романенко,АК124963,3,22,02-05-2025
56,102ІС,Одеса-Головна,Дніпро-Головний,1,Олійник,СК221126,1,24,04-05-2025
408,304Р,Харків-Пасажирський,Кривий Ріг-Головний,5,Поліщук,СК884805,4,14,04-05-2025
141,203ІС,Львів,Івано-Франківськ,2,Романенко,501955128,2,2,05-05-2025
254,101ІС+,Київ-Пасажирський,Львів,3,Кравченко,МК296485,2,29,05-05-2025
534,102НЕ,Івано-Франківськ,Житомир,12,Романенко,АК630242,5,28,05-05-2025
63,102ІС,Одеса-Головна,Дніпро-Головний,1,Олійник,АК259201,3,8,06-05-2025
598,590НП,Івано-Франківськ,Запоріжжя-1,25,Ткаченко,МК701714,3,15,06-05-2025
51,102ІС,Одеса-Головна,Дніпро-Головний,1,Клименко,АК230767,5,24,06-05-2025
401,304Р,Харків-Пасажирський,Кривий Ріг-Головний,5,Поліщук,820216257,5,16,07-05-2025
299,101ІС+,Київ-Пасажирський,Львів,3,Бондаренко,ТК881408,3,11,08-05-2025
360,345НШ,Дніпро-Головний,Миколаїв,4,Бондаренко,АК968166,4,30,08-05-2025
67,102ІС,Одеса-Головна,Дніпро-Головний,1,Сидоренко,ТК318537,5,16,08-05-2025
614,578ІС,Дніпро-Головний,Миколаїв,28,Поліщук,АК491950,1,22,09-05-2025
179,203ІС,Львів,Івано-Франківськ,2,Олійник,АК500370,2,22,09-05-2025
535,102НЕ,Івано-Франківськ,Житомир,12,Романенко,261926752,4,4,09-05-2025
278,101ІС+,Київ-Пасажирський,Львів,3,Бондаренко,МК142153,2,28,10-05-2025
53,102ІС,Одеса-Головна,Дніпро-Головний,1,Сидоренко,СК127878,4,7,10-05-2025
532,102НЕ,Івано-Франківськ,Житомир,12,Романенко,798851906,1,4,11-05-2025
150,203ІС,Львів,Івано-Франківськ,2,Кравченко,ТК512514,2,3,11-05-2025
57,102ІС,Одеса-Головна,Дніпро-Головний,1,Ткаченко,937668697,3,10,12-05-2025
81,102ІС,Одеса-Головна,Дніпро-Головний,1,Кравченко,236806318,4,10,12-05-2025
308,345НШ,Дніпро-Головний,Миколаїв,4,Коваленко,АК304628,5,29,12-05-2025
198,203ІС,Львів,Івано-Франківськ,2,Поліщук,СК391479,3,12,13-05-2025
116,203ІС,Львів,Івано-Франківськ,2,Ткаченко,МК704017,4,12,13-05-2025
267,101ІС+,Київ-Пасажирський,Львів,3,Ткаченко,ТК529081,5,15,13-05-2025
77,102ІС,Одеса-Головна,Дніпро-Головний,1,Шевченко,704223592,2,14,14-05-2025
283,101ІС+,Київ-Пасажирський,Львів,3,Коваленко,ТК194346,5,3,14-05-2025
415,304Р,Харків-Пасажирський,Кривий Ріг-Головний,5,Сидоренко,243348701,2,20,16-05-2025
250,101ІС+,Київ-Пасажирський,Львів,3,Поліщук,334883717,3,27,17-05-2025
601,445ІС+,Чернівці,Львів,26,Бондаренко,ТК949370,5,6,17-05-2025
204,101ІС+,Київ-Пасажирський,Львів,3,Ткаченко,406402281,3,25,18-05-2025
410,304Р,Харків-Пасажирський,Кривий Ріг-Головний,5,Олійник,116789519,2,29,19-05-2025
290,101ІС+,Київ-Пасажирський,Львів,3,Кравченко,СК681388,4,1,19-05-2025
144,203ІС,Львів,Івано-Франківськ,2,Коваленко,МК216152,4,6,19-05-2025
564,556ІС+,Одеса-Головна,Запоріжжя-1,18,Кравченко,ТК837007,5,2,19-05-2025
573,689НП,Київ-Пасажирський,Одеса-Головна,20,Бондаренко,454144781,1,2,20-05-2025
62,102ІС,Одеса-Головна,Дніпро-Головний,1,Романенко,861326999,2,24,20-05-2025
561,556ІС+,Одеса-Головна,Запоріжжя-1,18,Кравченко,221873403,1,29,21-05-2025
24,102ІС,Одеса-Головна,Дніпро-Головний,1,Бондаренко,ТК576103,1,7,22-05-2025
21,102ІС,Одеса-Головна,Дніпро-Головний,1,Сидоренко,АК992313,5,20,22-05-2025
403,304Р,Харків-Пасажирський,Кривий Ріг-Головний,5,Коваленко,МК716043,5,28,23-05-2025
264,101ІС+,Київ-Пасажирський,Львів,3,Сидоренко,МК302699,5,29,24-05-2025
552,708РЕ,Тернопіль,Львів,16,Коваленко,696904247,2,23,25-05-2025
514,506Р,Київ-Пасажирський,Вінниця,8,Поліщук,АК231183,4,15,25-05-2025
311,345НШ,Дніпро-Головний,Миколаїв,4,Кравченко,834045810,1,3,26-05-2025
234,101ІС+,Київ-Пасажирський,Львів,3,Бондаренко,104450642,5,28,26-05-2025
15,102ІС,Одеса-Головна,Дніпро-Головний,1,Шевченко,129595568,2,9,28-05-2025
487,304Р,Харків-Пасажирський,Кривий Ріг-Головний,5,Сидоренко,869018265,3,18,28-05-2025
309,345НШ,Дніпро-Головний,Миколаїв,4,Сидоренко,СК814083,4,9,28-05-2025
339,345НШ,Дніпро-Головний,Миколаїв,4,Шевченко,863764056,4,13,28-05-2025
379,345НШ,Дніпро-Головний,Миколаїв,4,Коваленко,219776078,5,8,28-05-2025
154,203ІС,Львів,Івано-Франківськ,2,Бондаренко,АК531903,4,11,01-06-2025
603,445ІС+,Чернівці,Львів,26,Романенко,СК767607,5,5,01-06-2025
147,203ІС,Львів,Івано-Франківськ,2,Кравченко,344614883,5,17,01-06-2025
370,345НШ,Дніпро-Головний,Миколаїв,4,Ткаченко,546754943,1,20,02-06-2025
501,112НЕ,Полтава-Київська,Чернівці,6,Шевченко,ТК572907,2,23,02-06-2025
40,102ІС,Одеса-Головна,Дніпро-Головний,1,Сидоренко,559316021,4,21,02-06-2025
137,203ІС,Львів,Івано-Франківськ,2,Олійник,АК725800,1,7,03-06-2025
425,304Р,Харків-Пасажирський,Кривий Ріг-Головний,5,Шевченко,СК478851,1,15,03-06-2025
507,405Р,Запоріжжя-1,Одеса-Головна,7,Клименко,521376419,3,6,04-06-2025
80,102ІС,Одеса-Головна,Дніпро-Головний,1,Романенко,АК682347,1,22,06-06-2025
274,101ІС+,Київ-Пасажирський,Львів,3,Бондаренко,366789897,2,1,06-06-2025
52,102ІС,Одеса-Головна,Дніпро-Головний,1,Сидоренко,МК681145,2,15,06-06-2025
459,304Р,Харків-Пасажирський,Кривий Ріг-Головний,5,Ткаченко,521744996,3,7,06-06-2025
591,334ІС,Тернопіль,Дніпро-Головний,24,Ткаченко,538586817,4,28,08-06-2025
101,203ІС,Львів,Івано-Франківськ,2,Поліщук,420183535,2,30,09-06-2025
108,203ІС,Львів,Івано-Франківськ,2,Сидоренко,МК816697,3,1,09-06-2025
362,345НШ,Дніпро-Головний,Миколаїв,4,Поліщук,913899779,1,26,10-06-2025
83,102ІС,Одеса-Головна,Дніпро-Головний,1,Бондаренко,ТК601272,1,29,10-06-2025
170,203ІС,Львів,Івано-Франківськ,2,Бондаренко,279903123,3,24,11-06-2025
484,304Р,Харків-Пасажирський,Кривий Ріг-Головний,5,Шевченко,673843660,4,6,11-06-2025
286,101ІС+,Київ-Пасажирський,Львів,3,Шевченко,853012719,5,10,11-06-2025
567,678НП,Тернопіль,Хмельницький,19,Коваленко,ТК731909,5,15,14-06-2025
143,203ІС,Львів,Івано-Франківськ,2,Кравченко,ТК520337,3,2,15-06-2025
397,345НШ,Дніпро-Головний,Миколаїв,4,Ткаченко,ТК462103,1,21,16-06-2025
419,304Р,Харків-Пасажирський,Кривий Ріг-Головний,5,Кравченко,190103082,5,16,17-06-2025
300,101ІС+,Київ-Пасажирський,Львів,3,Бондаренко,ТК575950,1,16,18-06-2025
368,345НШ,Дніпро-Головний,Миколаїв,4,Олійник,СК420911,1,24,18-06-2025
577,502НП,Львів,Одеса-Головна,21,Кравченко,МК173911,1,3,19-06-2025
424,304Р,Харків-Пасажирський,Кривий Ріг-Головний,5,Бондаренко,533947253,2,6,20-06-2025
458,304Р,Харків-Пасажирський,Кривий Ріг-Головний,5,Кравченко,ТК653612,5,5,20-06-2025
171,203ІС,Львів,Івано-Франківськ,2,Коваленко,825902638,2,13,21-06-2025
211,101ІС+,Київ-Пасажирський,Львів,3,Коваленко,547903578,3,26,21-06-2025
235,101ІС+,Київ-Пасажирський,Львів,3,Сидоренко,727536027,3,1,23-06-2025
276,101ІС+,Київ-Пасажирський,Львів,3,Шевченко,527428940,5,5,23-06-2025
352,345НШ,Дніпро-Головний,Миколаїв,4,Клименко,290613405,1,23,24-06-2025
394,345НШ,Дніпро-Головний,Миколаїв,4,Шевченко,835331352,3,10,24-06-2025
301,345НШ,Дніпро-Головний,Миколаїв,4,Ткаченко,130761702,5,17,24-06-2025
294,101ІС+,Київ-Пасажирський,Львів,3,Романенко,253785686,3,4,26-06-2025
39,102ІС,Одеса-Головна,Дніпро-Головний,1,Клименко,СК369785,3,5,26-06-2025
438,304Р,Харків-Пасажирський,Кривий Ріг-Головний,5,Сидоренко,268269355,1,2,28-06-2025
491,304Р,Харків-Пасажирський,Кривий Ріг-Головний,5,Коваленко,608863154,1,26,28-06-2025
61,102ІС,Одеса-Головна,Дніпро-Головний,1,Поліщук,570079856,4,11,28-06-2025
354,345НШ,Дніпро-Головний,Миколаїв,4,Романенко,СК821453,1,15,02-07-2025
89,102ІС,Одеса-Головна,Дніпро-Головний,1,Сидоренко,119961869,3,2,02-07-2025
329,345НШ,Дніпро-Головний,Миколаїв,4,Романенко,699083987,3,13,02-07-2025
152,203ІС,Львів,Івано-Франківськ,2,Романенко,859188086,3,23,03-07-2025
596,590НП,Івано-Франківськ,Запоріжжя-1,25,Кравченко,962773211,4,18,03-07-2025
453,304Р,Харків-Пасажирський,Кривий Ріг-Головний,5,Кравченко,348908744,5,26,03-07-2025
227,101ІС+,Київ-Пасажирський,Львів,3,Поліщук,942737111,1,16,05-07-2025
469,304Р,Харків-Пасажирський,Кривий Ріг-Головний,5,Поліщук,АК552799,1,18,05-07-2025
556,567НП,Житомир,Львів,17,Коваленко,945060628,4,16,05-07-2025
494,304Р,Харків-Пасажирський,Кривий Ріг-Головний,5,Ткаченко,АК738825,5,16,05-07-2025
555,708РЕ,Тернопіль,Львів,16,Ткаченко,992299041,1,18,07-07-2025
380,345НШ,Дніпро-Головний,Миколаїв,4,Шевченко,ТК876650,1,12,08-07-2025
608,667ІС+,Кривий Ріг-Головний,Івано-Франківськ,27,Бондаренко,481971667,1,29,08-07-2025
45,102ІС,Одеса-Головна,Дніпро-Головний,1,Коваленко,907798350,1,30,08-07-2025
444,304Р,Харків-Пасажирський,Кривий Ріг-Головний,5,Коваленко,ТК910404,1,11,09-07-2025
548,456НШ,Львів,Київ-Пасажирський,15,Олійник,581838862,3,6,09-07-2025
149,203ІС,Львів,Івано-Франківськ,2,Сидоренко,АК371009,3,24,09-07-2025
216,101ІС+,Київ-Пасажирський,Львів,3,Ткаченко,119430462,3,28,10-07-2025
395,345НШ,Дніпро-Головний,Миколаїв,4,Романенко,АК770290,4,6,10-07-2025
509,405Р,Запоріжжя-1,Одеса-Головна,7,Шевченко,728496950,5,13,10-07-2025
74,102ІС,Одеса-Головна,Дніпро-Головний,1,Шевченко,201557537,5,28,10-07-2025
418,304Р,Харків-Пасажирський,Кривий Ріг-Головний,5,Клименко,АК336931,2,11,11-07-2025
236,101ІС+,Київ-Пасажирський,Львів,3,Романенко,801346781,4,2,11-07-2025
155,203ІС,Львів,Івано-Франківськ,2,Олійник,ТК533142,4,19,11-07-2025
113,203ІС,Львів,Івано-Франківськ,2,Олійник,334109053,5,1,11-07-2025
374,345НШ,Дніпро-Головний,Миколаїв,4,Сидоренко,672094285,2,4,12-07-2025
307,345НШ,Дніпро-Головний,Миколаїв,4,Ткаченко,395821210,2,7,12-07-2025
73,102ІС,Одеса-Головна,Дніпро-Головний,1,Ткаченко,МК727666,2,15,12-07-2025
517,607РЕ,Миколаїв,Дніпро-Головний,9,Шевченко,287933969,5,15,12-07-2025
106,203ІС,Львів,Івано-Франківськ,2,Ткаченко,ТК440208,3,28,13-07-2025
515,506Р,Київ-Пасажирський,Вінниця,8,Олійник,293715277,3,30,13-07-2025
221,101ІС+,Київ-Пасажирський,Львів,3,Олійник,МК225482,5,19,13-07-2025
562,556ІС+,Одеса-Головна,Запоріжжя-1,18,Клименко,742623037,3,22,14-07-2025
82,102ІС,Одеса-Головна,Дніпро-Головний,1,Романенко,698487409,4,5,14-07-2025
118,203ІС,Львів,Івано-Франківськ,2,Клименко,СК733356,3,28,15-07-2025
100,102ІС,Одеса-Головна,Дніпро-Головний,1,Ткаченко,796898354,3,30,16-07-2025
518,607РЕ,Миколаїв,Дніпро-Головний,9,Олійник,272635720,5,10,16-07-2025
451,304Р,Харків-Пасажирський,Кривий Ріг-Головний,5,Клименко,615797491,4,20,17-07-2025
273,101ІС+,Київ-Пасажирський,Львів,3,Романенко,142345338,5,17,17-07-2025
31,102ІС,Одеса-Головна,Дніпро-Головний,1,Коваленко,АК773858,2,19,18-07-2025
30,102ІС,Одеса-Головна,Дніпро-Головний,1,Романенко,142997239,3,20,18-07-2025
130,203ІС,Львів,Івано-Франківськ,2,Романенко,177428294,4,19,19-07-2025
580,502НП,Львів,Одеса-Головна,21,Ткаченко,МК736272,5,10,19-07-2025
42,102ІС,Одеса-Головна,Дніпро-Головний,1,Романенко,СК634850,3,28,20-07-2025
582,112ІС,Харків-Пасажирський,Полтава-Київська,22,Коваленко,290294581,3,29,20-07-2025
84,102ІС,Одеса-Головна,Дніпро-Головний,1,Бондаренко,273306143,4,3,20-07-2025
345,345НШ,Дніпро-Головний,Миколаїв,4,Коваленко,657995832,4,13,20-07-2025
320,345НШ,Дніпро-Головний,Миколаїв,4,Клименко,213873768,5,1,20-07-2025
302,345НШ,Дніпро-Головний,Миколаїв,4,Романенко,АК661653,5,11,20-07-2025
98,102ІС,Одеса-Головна,Дніпро-Головний,1,Поліщук,МК182402,3,17,22-07-2025
104,203ІС,Львів,Івано-Франківськ,2,Клименко,159501370,3,14,23-07-2025
252,101ІС+,Київ-Пасажирський,Львів,3,Бондаренко,АК582432,5,18,23-07-2025
431,304Р,Харків-Пасажирський,Кривий Ріг-Головний,5,Поліщук,933724586,1,20,24-07-2025
123,203ІС,Львів,Івано-Франківськ,2,Поліщук,725764984,2,18,25-07-2025
450,304Р,Харків-Пасажирський,Кривий Ріг-Головний,5,Кравченко,564875467,1,28,26-07-2025
237,101ІС+,Київ-Пасажирський,Львів,3,Романенко,СК133285,3,18,26-07-2025
385,345НШ,Дніпро-Головний,Миколаїв,4,Кравченко,698792946,5,23,26-07-2025
285,101ІС+,Київ-Пасажирський,Львів,3,Олійник,149831199,3,21,27-07-2025
446,304Р,Харків-Пасажирський,Кривий Ріг-Головний,5,Романенко,МК986986,5,4,27-07-2025
578,502НП,Львів,Одеса-Головна,21,Поліщук,869256069,2,4,01-08-2025
448,304Р,Харків-Пасажирський,Кривий Ріг-Головний,5,Шевченко,МК235218,4,6,01-08-2025
158,203ІС,Львів,Івано-Франківськ,2,Бондаренко,659356008,4,26,01-08-2025
247,101ІС+,Київ-Пасажирський,Львів,3,Сидоренко,МК709289,4,29,01-08-2025
488,304Р,Харків-Пасажирський,Кривий Ріг-Головний,5,Шевченко,МК302425,1,29,02-08-2025
504,112НЕ,Полтава-Київська,Чернівці,6,Бондаренко,СК404747,4,24,02-08-2025
111,203ІС,Львів,Івано-Франківськ,2,Кравченко,АК846115,4,8,03-08-2025
282,101ІС+,Київ-Пасажирський,Львів,3,Шевченко,828881331,5,28,03-08-2025
351,345НШ,Дніпро-Головний,Миколаїв,4,Поліщук,560344245,3,17,04-08-2025
310,345НШ,Дніпро-Головний,Миколаїв,4,Олійник,520960632,4,18,04-08-2025
303,345НШ,Дніпро-Головний,Миколаїв,4,Поліщук,926718214,5,16,04-08-2025
327,345НШ,Дніпро-Головний,Миколаїв,4,Клименко,АК550534,5,18,04-08-2025
248,101ІС+,Київ-Пасажирський,Львів,3,Кравченко,854291480,1,2,05-08-2025
476,304Р,Харків-Пасажирський,Кривий Ріг-Головний,5,Олійник,ТК893284,3,8,05-08-2025
411,304Р,Харків-Пасажирський,Кривий Ріг-Головний,5,Ткаченко,МК883990,5,8,05-08-2025
241,101ІС+,Київ-Пасажирський,Львів,3,Романенко,744376432,1,5,06-08-2025
25,102ІС,Одеса-Головна,Дніпро-Головний,1,Бондаренко,942719980,4,9,06-08-2025
611,578ІС,Дніпро-Головний,Миколаїв,28,Шевченко,ТК206940,2,6,07-08-2025
398,345НШ,Дніпро-Головний,Миколаїв,4,Поліщук,АК806371,4,28,08-08-2025
597,590НП,Івано-Франківськ,Запоріжжя-1,25,Сидоренко,ТК830901,5,22,08-08-2025
420,304Р,Харків-Пасажирський,Кривий Ріг-Головний,5,Кравченко,446427763,2,29,09-08-2025
231,101ІС+,Київ-Пасажирський,Львів,3,Клименко,332491552,3,22,09-08-2025
102,203ІС,Львів,Івано-Франківськ,2,Кравченко,179381059,3,14,11-08-2025
481,304Р,Харків-Пасажирський,Кривий Ріг-Головний,5,Ткаченко,ТК505030,3,28,11-08-2025
96,102ІС,Одеса-Головна,Дніпро-Головний,1,Бондаренко,МК982513,1,4,12-08-2025
78,102ІС,Одеса-Головна,Дніпро-Головний,1,Коваленко,779983253,5,24,12-08-2025
413,304Р,Харків-Пасажирський,Кривий Ріг-Головний,5,Романенко,АК368837,1,13,13-08-2025
48,102ІС,Одеса-Головна,Дніпро-Головний,1,Олійник,521281607,5,2,14-08-2025
417,304Р,Харків-Пасажирський,Кривий Ріг-Головний,5,Ткаченко,403877489,2,20,15-08-2025
233,101ІС+,Київ-Пасажирський,Львів,3,Клименко,СК779215,3,9,16-08-2025
206,101ІС+,Київ-Пасажирський,Львів,3,Клименко,АК978146,1,11,17-08-2025
612,578ІС,Дніпро-Головний,Миколаїв,28,Олійник,ТК140901,5,26,17-08-2025
279,101ІС+,Київ-Пасажирський,Львів,3,Кравченко,АК870904,2,8,20-08-2025
219,101ІС+,Київ-Пасажирський,Львів,3,Сидоренко,АК772360,3,28,20-08-2025
151,203ІС,Львів,Івано-Франківськ,2,Коваленко,ТК871671,1,1,21-08-2025
409,304Р,Харків-Пасажирський,Кривий Ріг-Головний,5,Шевченко,613860606,5,21,21-08-2025
105,203ІС,Львів,Івано-Франківськ,2,Клименко,ТК319622,4,26,23-08-2025
511,506Р,Київ-Пасажирський,Вінниця,8,Олійник,523571104,1,4,25-08-2025
205,101ІС+,Київ-Пасажирський,Львів,3,Сидоренко,857598744,1,14,25-08-2025
174,203ІС,Львів,Івано-Франківськ,2,Шевченко,МК630280,2,26,25-08-2025
136,203ІС,Львів,Івано-Франківськ,2,Кравченко,283297449,4,5,25-08-2025
434,304Р,Харків-Пасажирський,Кривий Ріг-Головний,5,Коваленко,387474161,4,21,25-08-2025
480,304Р,Харків-Пасажирський,Кривий Ріг-Головний,5,Поліщук,МК485536,5,23,25-08-2025
471,304Р,Харків-Пасажирський,Кривий Ріг-Головний,5,Шевченко,488239019,1,7,26-08-2025
5,102ІС,Одеса-Головна,Дніпро-Головний,1,Шевченко,АК239708,4,1,26-08-2025
181,203ІС,Львів,Івано-Франківськ,2,Поліщук,982674899,3,26,27-08-2025
590,223ІС,Миколаїв,Київ-Пасажирський,23,Ткаченко,МК799741,1,17,28-08-2025
66,102ІС,Одеса-Головна,Дніпро-Головний,1,Шевченко,АК742813,1,22,28-08-2025
391,345НШ,Дніпро-Головний,Миколаїв,4,Коваленко,СК259263,2,29,28-08-2025
543,234НШ,Кривий Ріг-Головний,Запоріжжя-1,14,Кравченко,ТК457399,3,30,28-08-2025
262,101ІС+,Київ-Пасажирський,Львів,3,Кравченко,ТК822572,4,24,01-09-2025
325,345НШ,Дніпро-Головний,Миколаїв,4,Ткаченко,СК752728,1,26,02-09-2025
317,345НШ,Дніпро-Головний,Миколаїв,4,Поліщук,ТК532770,2,12,02-09-2025
407,304Р,Харків-Пасажирський,Кривий Ріг-Головний,5,Шевченко,504148388,2,27,02-09-2025
609,667ІС+,Кривий Ріг-Головний,Івано-Франківськ,27,Шевченко,359790841,2,27,02-09-2025
505,112НЕ,Полтава-Київська,Чернівці,6,Бондаренко,ТК141921,4,15,02-09-2025
164,203ІС,Львів,Івано-Франківськ,2,Шевченко,383789762,5,10,03-09-2025
28,102ІС,Одеса-Головна,Дніпро-Головний,1,Сидоренко,МК823659,2,28,04-09-2025
396,345НШ,Дніпро-Головний,Миколаїв,4,Коваленко,850737403,5,20,04-09-2025
558,567НП,Житомир,Львів,17,Шевченко,СК939918,4,13,05-09-2025
359,345НШ,Дніпро-Головний,Миколаїв,4,Клименко,СК174148,2,3,06-09-2025
399,345НШ,Дніпро-Головний,Миколаїв,4,Романенко,673306521,4,5,06-09-2025
145,203ІС,Львів,Івано-Франківськ,2,Ткаченко,832349735,5,6,07-09-2025
464,304Р,Харків-Пасажирський,Кривий Ріг-Головний,5,Кравченко,МК695907,2,5,08-09-2025
429,304Р,Харків-Пасажирський,Кривий Ріг-Головний,5,Ткаченко,226486501,4,10,08-09-2025
589,223ІС,Миколаїв,Київ-Пасажирський,23,Ткаченко,347890830,5,11,08-09-2025
260,101ІС+,Київ-Пасажирський,Львів,3,Сидоренко,407405925,1,5,09-09-2025
121,203ІС,Львів,Івано-Франківськ,2,Ткаченко,СК937938,3,21,09-09-2025
540,123НЕ,Одеса-Головна,Тернопіль,13,Сидоренко,128664196,3,24,09-09-2025
557,567НП,Житомир,Львів,17,Олійник,952480999,5,10,09-09-2025
456,304Р,Харків-Пасажирський,Кривий Ріг-Головний,5,Бондаренко,СК381387,1,5,10-09-2025
72,102ІС,Одеса-Головна,Дніпро-Головний,1,Ткаченко,АК530532,4,19,10-09-2025
593,334ІС,Тернопіль,Дніпро-Головний,24,Бондаренко,СК381387,1,6,12-09-2025
44,102ІС,Одеса-Головна,Дніпро-Головний,1,Романенко,570767829,3,8,12-09-2025
36,102ІС,Одеса-Головна,Дніпро-Головний,1,Шевченко,799993136,3,26,12-09-2025
266,101ІС+,Київ-Пасажирський,Львів,3,Кравченко,694913460,5,23,12-09-2025
180,203ІС,Львів,Івано-Франківськ,2,Клименко,АК327422,1,19,13-09-2025
468,304Р,Харків-Пасажирський,Кривий Ріг-Головний,5,Олійник,981783616,2,21,13-09-2025
599,590НП,Івано-Франківськ,Запоріжжя-1,25,Бондаренко,573553504,2,30,13-09-2025
188,203ІС,Львів,Івано-Франківськ,2,Бондаренко,ТК495174,4,4,13-09-2025
340,345НШ,Дніпро-Головний,Миколаїв,4,Романенко,391754678,5,26,14-09-2025
225,101ІС+,Київ-Пасажирський,Львів,3,Бондаренко,СК704341,1,29,15-09-2025
112,203ІС,Львів,Івано-Франківськ,2,Сидоренко,ТК793357,2,10,15-09-2025
485,304Р,Харків-Пасажирський,Кривий Ріг-Головний,5,Поліщук,АК454436,3,18,15-09-2025
218,101ІС+,Київ-Пасажирський,Львів,3,Шевченко,835607712,4,23,15-09-2025
120,203ІС,Львів,Івано-Франківськ,2,Ткаченко,839657846,5,11,15-09-2025
500,304Р,Харків-Пасажирський,Кривий Ріг-Головний,5,Кравченко,726759086,5,26,15-09-2025
270,101ІС+,Київ-Пасажирський,Львів,3,Шевченко,МК641117,3,16,18-09-2025
132,203ІС,Львів,Івано-Франківськ,2,Коваленко,СК675765,4,17,19-09-2025
193,203ІС,Львів,Івано-Франківськ,2,Клименко,581648987,5,30,19-09-2025
87,102ІС,Одеса-Головна,Дніпро-Головний,1,Ткаченко,АК656471,1,9,20-09-2025
20,102ІС,Одеса-Головна,Дніпро-Головний,1,Ткаченко,МК798807,1,19,20-09-2025
12,102ІС,Одеса-Головна,Дніпро-Головний,1,Поліщук,МК427894,3,12,20-09-2025
226,101ІС+,Київ-Пасажирський,Львів,3,Романенко,699083987,4,16,22-09-2025
99,102ІС,Одеса-Головна,Дніпро-Головний,1,Шевченко,АК635555,1,16,24-09-2025
378,345НШ,Дніпро-Головний,Миколаїв,4,Сидоренко,782976046,3,15,24-09-2025
33,102ІС,Одеса-Головна,Дніпро-Головний,1,Сидоренко,АК292798,5,12,24-09-2025
196,203ІС,Львів,Івано-Франківськ,2,Ткаченко,МК782189,1,23,25-09-2025
477,304Р,Харків-Пасажирський,Кривий Ріг-Головний,5,Романенко,АК402714,1,3,26-09-2025
293,101ІС+,Київ-Пасажирський,Львів,3,Поліщук,ТК202940,3,27,27-09-2025
605,445ІС+,Чернівці,Львів,26,Олійник,987079728,3,29,27-09-2025
41,102ІС,Одеса-Головна,Дніпро-Головний,1,Романенко,ТК753473,1,8,28-09-2025
76,102ІС,Одеса-Головна,Дніпро-Головний,1,Ткаченко,596724739,1,24,28-09-2025
195,203ІС,Львів,Івано-Франківськ,2,Сидоренко,945455209,1,29,01-10-2025
263,101ІС+,Київ-Пасажирський,Львів,3,Ткаченко,МК378296,2,19,01-10-2025
125,203ІС,Львів,Івано-Франківськ,2,Шевченко,484956247,5,14,01-10-2025
585,112ІС,Харків-Пасажирський,Полтава-Київська,22,Коваленко,991623392,3,30,02-10-2025
92,102ІС,Одеса-Головна,Дніпро-Головний,1,Коваленко,878100648,4,28,02-10-2025
440,304Р,Харків-Пасажирський,Кривий Ріг-Головний,5,Бондаренко,101190789,1,30,03-10-2025
209,101ІС+,Київ-Пасажирський,Львів,3,Шевченко,427333155,4,16,03-10-2025
439,304Р,Харків-Пасажирський,Кривий Ріг-Головний,5,Олійник,СК749764,5,18,03-10-2025
253,101ІС+,Київ-Пасажирський,Львів,3,Олійник,199364046,2,14,04-10-2025
298,101ІС+,Київ-Пасажирський,Львів,3,Романенко,МК179246,3,10,04-10-2025
334,345НШ,Дніпро-Головний,Миколаїв,4,Клименко,228817054,4,2,04-10-2025
383,345НШ,Дніпро-Головний,Миколаїв,4,Кравченко,ТК466667,5,5,04-10-2025
510,405Р,Запоріжжя-1,Одеса-Головна,7,Кравченко,АК513710,5,29,04-10-2025
346,345НШ,Дніпро-Головний,Миколаїв,4,Коваленко,ТК566653,5,30,04-10-2025
499,304Р,Харків-Пасажирський,Кривий Ріг-Головний,5,Олійник,631497184,2,21,05-10-2025
553,708РЕ,Тернопіль,Львів,16,Коваленко,МК866447,3,1,05-10-2025
229,101ІС+,Київ-Пасажирський,Львів,3,Коваленко,СК814600,4,9,05-10-2025
156,203ІС,Львів,Івано-Франківськ,2,Коваленко,696938275,4,25,05-10-2025
9,102ІС,Одеса-Головна,Дніпро-Головний,1,Шевченко,АК325258,1,18,06-10-2025
330,345НШ,Дніпро-Головний,Миколаїв,4,Клименко,МК312000,2,10,06-10-2025
343,345НШ,Дніпро-Головний,Миколаїв,4,Сидоренко,901204617,4,15,06-10-2025
75,102ІС,Одеса-Головна,Дніпро-Головний,1,Поліщук,247384345,4,26,06-10-2025
215,101ІС+,Київ-Пасажирський,Львів,3,Сидоренко,АК726265,4,5,07-10-2025
404,304Р,Харків-Пасажирський,Кривий Ріг-Головний,5,Клименко,874485703,2,10,08-10-2025
46,102ІС,Одеса-Головна,Дніпро-Головний,1,Шевченко,СК360294,2,18,08-10-2025
387,345НШ,Дніпро-Головний,Миколаїв,4,Ткаченко,363995172,4,8,08-10-2025
342,345НШ,Дніпро-Головний,Миколаїв,4,Клименко,308353882,5,22,08-10-2025
167,203ІС,Львів,Івано-Франківськ,2,Поліщук,МК813940,2,12,09-10-2025
172,203ІС,Львів,Івано-Франківськ,2,Ткаченко,АК114722,3,12,09-10-2025
430,304Р,Харків-Пасажирський,Кривий Ріг-Головний,5,Кравченко,ТК397844,4,18,09-10-2025
246,101ІС+,Київ-Пасажирський,Львів,3,Коваленко,ТК727756,5,14,10-10-2025
69,102ІС,Одеса-Головна,Дніпро-Головний,1,Клименко,АК135684,3,20,12-10-2025
541,234НШ,Кривий Ріг-Головний,Запоріжжя-1,14,Шевченко,300501122,4,5,13-10-2025
127,203ІС,Львів,Івано-Франківськ,2,Поліщук,АК757169,4,24,13-10-2025
436,304Р,Харків-Пасажирський,Кривий Ріг-Головний,5,Ткаченко,430009820,2,20,14-10-2025
572,689НП,Київ-Пасажирський,Одеса-Головна,20,Клименко,ТК884867,5,11,14-10-2025
47,102ІС,Одеса-Головна,Дніпро-Головний,1,Олійник,ТК673419,5,21,14-10-2025
559,567НП,Житомир,Львів,17,Ткаченко,567436639,4,20,15-10-2025
129,203ІС,Львів,Івано-Франківськ,2,Бондаренко,666673144,5,13,15-10-2025
355,345НШ,Дніпро-Головний,Миколаїв,4,Клименко,ТК597700,2,16,16-10-2025
393,345НШ,Дніпро-Головний,Миколаїв,4,Сидоренко,565125353,3,15,16-10-2025
312,345НШ,Дніпро-Головний,Миколаїв,4,Романенко,МК667501,1,17,18-10-2025
542,234НШ,Кривий Ріг-Головний,Запоріжжя-1,14,Клименко,МК953540,2,7,18-10-2025
437,304Р,Харків-Пасажирський,Кривий Ріг-Головний,5,Кравченко,839147069,1,13,22-10-2025
445,304Р,Харків-Пасажирський,Кривий Ріг-Головний,5,Кравченко,СК680612,3,9,22-10-2025
32,102ІС,Одеса-Головна,Дніпро-Головний,1,Шевченко,МК796994,3,11,22-10-2025
441,304Р,Харків-Пасажирський,Кривий Ріг-Головний,5,Кравченко,АК440738,3,30,22-10-2025
95,102ІС,Одеса-Головна,Дніпро-Головний,1,Ткаченко,105451295,4,28,22-10-2025
230,101ІС+,Київ-Пасажирський,Львів,3,Романенко,МК765254,2,10,23-10-2025
366,345НШ,Дніпро-Головний,Миколаїв,4,Клименко,МК337180,4,5,24-10-2025
486,304Р,Харків-Пасажирський,Кривий Ріг-Головний,5,Сидоренко,585379757,4,18,25-10-2025
483,304Р,Харків-Пасажирський,Кривий Ріг-Головний,5,Романенко,467444582,2,27,26-10-2025
10,102ІС,Одеса-Головна,Дніпро-Головний,1,Олійник,534634052,4,4,26-10-2025
117,203ІС,Львів,Івано-Франківськ,2,Бондаренко,859007685,1,28,27-10-2025
305,345НШ,Дніпро-Головний,Миколаїв,4,Клименко,121989374,2,3,28-10-2025
492,304Р,Харків-Пасажирський,Кривий Ріг-Головний,5,Олійник,622928951,2,21,28-10-2025
271,101ІС+,Київ-Пасажирський,Львів,3,Олійник,СК374094,3,30,01-11-2025
191,203ІС,Львів,Івано-Франківськ,2,Клименко,245974556,5,29,01-11-2025
496,304Р,Харків-Пасажирський,Кривий Ріг-Головний,5,Бондаренко,345007052,2,3,02-11-2025
58,102ІС,Одеса-Головна,Дніпро-Головний,1,Поліщук,АК929580,1,16,04-11-2025
544,234НШ,Кривий Ріг-Головний,Запоріжжя-1,14,Кравченко,303429004,2,25,04-11-2025
524,709РЕ,Чернівці,Одеса-Головна,10,Коваленко,509663910,3,5,04-11-2025
291,101ІС+,Київ-Пасажирський,Львів,3,Олійник,СК507286,4,6,04-11-2025
313,345НШ,Дніпро-Головний,Миколаїв,4,Кравченко,242124841,4,12,04-11-2025
240,101ІС+,Київ-Пасажирський,Львів,3,Ткаченко,988618501,1,6,06-11-2025
498,304Р,Харків-Пасажирський,Кривий Ріг-Головний,5,Поліщук,СК477270,1,12,06-11-2025
289,101ІС+,Київ-Пасажирський,Львів,3,Поліщук,СК135818,2,16,06-11-2025
297,101ІС+,Київ-Пасажирський,Львів,3,Бондаренко,277176429,3,30,06-11-2025
400,345НШ,Дніпро-Головний,Миколаїв,4,Клименко,119429981,5,29,06-11-2025
406,304Р,Харків-Пасажирський,Кривий Ріг-Головний,5,Романенко,985485491,3,26,08-11-2025
490,304Р,Харків-Пасажирський,Кривий Ріг-Головний,5,Олійник,ТК496219,3,23,09-11-2025
243,101ІС+,Київ-Пасажирський,Львів,3,Шевченко,509960307,5,8,09-11-2025
364,345НШ,Дніпро-Головний,Миколаїв,4,Коваленко,847049797,1,5,10-11-2025
251,101ІС+,Київ-Пасажирський,Львів,3,Коваленко,ТК659106,5,10,10-11-2025
261,101ІС+,Київ-Пасажирський,Львів,3,Коваленко,ТК326169,1,30,12-11-2025
110,203ІС,Львів,Івано-Франківськ,2,Ткаченко,925316745,1,16,13-11-2025
139,203ІС,Львів,Івано-Франківськ,2,Клименко,377370650,3,15,13-11-2025
272,101ІС+,Київ-Пасажирський,Львів,3,Ткаченко,ТК315891,4,20,13-11-2025
443,304Р,Харків-Пасажирський,Кривий Ріг-Головний,5,Бондаренко,824006931,5,5,14-11-2025
242,101ІС+,Київ-Пасажирський,Львів,3,Коваленко,244383816,5,28,14-11-2025
375,345НШ,Дніпро-Головний,Миколаїв,4,Сидоренко,937328661,3,12,16-11-2025
18,102ІС,Одеса-Головна,Дніпро-Головний,1,Олійник,773232660,3,27,16-11-2025
187,203ІС,Львів,Івано-Франківськ,2,Поліщук,СК287929,2,23,17-11-2025
190,203ІС,Львів,Івано-Франківськ,2,Олійник,542860396,5,8,17-11-2025
201,101ІС+,Київ-Пасажирський,Львів,3,Сидоренко,СК446266,2,27,18-11-2025
584,112ІС,Харків-Пасажирський,Полтава-Київська,22,Поліщук,МК189395,4,28,18-11-2025
4,102ІС,Одеса-Головна,Дніпро-Головний,1,Бондаренко,731639303,2,4,22-11-2025
71,102ІС,Одеса-Головна,Дніпро-Головний,1,Кравченко,СК276775,4,1,22-11-2025
587,223ІС,Миколаїв,Київ-Пасажирський,23,Романенко,699083987,5,17,22-11-2025
523,709РЕ,Чернівці,Одеса-Головна,10,Кравченко,507882120,5,27,22-11-2025
166,203ІС,Львів,Івано-Франківськ,2,Ткаченко,АК577879,2,7,23-11-2025
497,304Р,Харків-Пасажирський,Кривий Ріг-Головний,5,Клименко,МК416268,2,17,23-11-2025
162,203ІС,Львів,Івано-Франківськ,2,Олійник,АК897423,4,15,23-11-2025
472,304Р,Харків-Пасажирський,Кривий Ріг-Головний,5,Олійник,СК144288,1,4,24-11-2025
525,709РЕ,Чернівці,Одеса-Головна,10,Сидоренко,661643154,2,20,24-11-2025
338,345НШ,Дніпро-Головний,Миколаїв,4,Бондаренко,СК381387,5,3,24-11-2025
350,345НШ,Дніпро-Головний,Миколаїв,4,Олійник,ТК341758,4,28,26-11-2025
245,101ІС+,Київ-Пасажирський,Львів,3,Олійник,517213736,5,13,26-11-2025
287,101ІС+,Київ-Пасажирський,Львів,3,Бондаренко,580581370,2,1,27-11-2025
197,203ІС,Львів,Івано-Франківськ,2,Бондаренко,774797333,2,9,27-11-2025
157,203ІС,Львів,Івано-Франківськ,2,Бондаренко,548978961,2,20,27-11-2025
107,203ІС,Львів,Івано-Франківськ,2,Бондаренко,МК779496,4,2,27-11-2025
88,102ІС,Одеса-Головна,Дніпро-Головний,1,Клименко,МК723532,1,29,28-11-2025
59,102ІС,Одеса-Головна,Дніпро-Головний,1,Ткаченко,631153108,3,19,28-11-2025
581,112ІС,Харків-Пасажирський,Полтава-Київська,22,Бондаренко,АК956880,4,28,28-11-2025
214,101ІС+,Київ-Пасажирський,Львів,3,Романенко,МК355755,5,26,01-12-2025
546,456НШ,Львів,Київ-Пасажирський,15,Клименко,871169209,3,20,02-12-2025
454,304Р,Харків-Пасажирський,Кривий Ріг-Головний,5,Поліщук,299038555,3,24,02-12-2025
322,345НШ,Дніпро-Головний,Миколаїв,4,Поліщук,СК866729,4,5,02-12-2025
367,345НШ,Дніпро-Головний,Миколаїв,4,Олійник,386899640,4,21,02-12-2025
554,708РЕ,Тернопіль,Львів,16,Шевченко,525261065,4,26,02-12-2025
238,101ІС+,Київ-Пасажирський,Львів,3,Ткаченко,МК103668,5,21,02-12-2025
423,304Р,Харків-Пасажирський,Кривий Ріг-Головний,5,Сидоренко,ТК397096,1,15,03-12-2025
176,203ІС,Львів,Івано-Франківськ,2,Клименко,СК828819,3,19,03-12-2025
335,345НШ,Дніпро-Головний,Миколаїв,4,Клименко,ТК906436,5,4,04-12-2025
199,203ІС,Львів,Івано-Франківськ,2,Романенко,МК235772,2,8,05-12-2025
178,203ІС,Львів,Івано-Франківськ,2,Поліщук,738161168,5,26,05-12-2025
304,345НШ,Дніпро-Головний,Миколаїв,4,Бондаренко,761686476,4,27,08-12-2025
203,101ІС+,Київ-Пасажирський,Львів,3,Кравченко,964027486,4,30,08-12-2025
146,203ІС,Львів,Івано-Франківськ,2,Бондаренко,МК114901,4,26,09-12-2025
358,345НШ,Дніпро-Головний,Миколаїв,4,Олійник,АК974999,3,2,10-12-2025
536,123НЕ,Одеса-Головна,Тернопіль,13,Поліщук,736102983,2,30,11-12-2025
600,590НП,Івано-Франківськ,Запоріжжя-1,25,Коваленко,254184646,3,24,11-12-2025
522,709РЕ,Чернівці,Одеса-Головна,10,Ткаченко,265349480,2,27,12-12-2025
64,102ІС,Одеса-Головна,Дніпро-Головний,1,Шевченко,229875329,5,6,12-12-2025
14,102ІС,Одеса-Головна,Дніпро-Головний,1,Олійник,713137414,5,20,12-12-2025
545,234НШ,Кривий Ріг-Головний,Запоріжжя-1,14,Кравченко,АК941196,2,16,13-12-2025
527,710НЕ,Хмельницький,Київ-Пасажирський,11,Олійник,АК158072,5,21,13-12-2025
49,102ІС,Одеса-Головна,Дніпро-Головний,1,Шевченко,МК344972,2,22,14-12-2025
133,203ІС,Львів,Івано-Франківськ,2,Клименко,828201750,4,18,15-12-2025
615,578ІС,Дніпро-Головний,Миколаїв,28,Шевченко,СК472399,5,2,15-12-2025
549,456НШ,Львів,Київ-Пасажирський,15,Клименко,АК364135,5,4,15-12-2025
60,102ІС,Одеса-Головна,Дніпро-Головний,1,Шевченко,743850488,1,10,16-12-2025
11,102ІС,Одеса-Головна,Дніпро-Головний,1,Шевченко,ТК760564,2,24,16-12-2025
38,102ІС,Одеса-Головна,Дніпро-Головний,1,Сидоренко,МК233690,3,22,16-12-2025
85,102ІС,Одеса-Головна,Дніпро-Головний,1,Бондаренко,754401548,1,4,18-12-2025
55,102ІС,Одеса-Головна,Дніпро-Головний,1,Поліщук,606467364,1,19,18-12-2025
569,678НП,Тернопіль,Хмельницький,19,Бондаренко,813515152,4,22,18-12-2025
356,345НШ,Дніпро-Головний,Миколаїв,4,Шевченко,125831437,5,22,18-12-2025
512,506Р,Київ-Пасажирський,Вінниця,8,Кравченко,964416996,3,26,19-12-2025
390,345НШ,Дніпро-Головний,Миколаїв,4,Шевченко,447969088,5,20,20-12-2025
402,304Р,Харків-Пасажирський,Кривий Ріг-Головний,5,Романенко,191300160,4,25,21-12-2025
533,102НЕ,Івано-Франківськ,Житомир,12,Поліщук,АК518525,4,28,21-12-2025
134,203ІС,Львів,Івано-Франківськ,2,Поліщук,829665217,5,19,21-12-2025
268,101ІС+,Київ-Пасажирський,Львів,3,Сидоренко,796852398,1,1,23-12-2025
537,123НЕ,Одеса-Головна,Тернопіль,13,Коваленко,457638002,1,29,23-12-2025
189,203ІС,Львів,Івано-Франківськ,2,Ткаченко,СК685066,2,2,23-12-2025
168,203ІС,Львів,Івано-Франківськ,2,Кравченко,781210078,5,16,23-12-2025
349,345НШ,Дніпро-Головний,Миколаїв,4,Поліщук,141478542,3,1,24-12-2025
361,345НШ,Дніпро-Головний,Миколаїв,4,Олійник,898287022,3,15,24-12-2025
161,203ІС,Львів,Івано-Франківськ,2,Кравченко,780637564,1,26,25-12-2025
560,567НП,Житомир,Львів,17,Кравченко,СК541678,4,19,25-12-2025
467,304Р,Харків-Пасажирський,Кривий Ріг-Головний,5,Кравченко,МК984146,5,21,25-12-2025
103,203ІС,Львів,Івано-Франківськ,2,Олійник,АК773723,2,18,27-12-2025
363,345НШ,Дніпро-Головний,Миколаїв,4,Поліщук,909090401,1,27,28-12-2025
257,101ІС+,Київ-Пасажирський,Львів,3,Сидоренко,438563166,3,15,28-12-2025
610,667ІС+,Кривий Ріг-Головний,Івано-Франківськ,27,Ткаченко,509834092,5,18,28-12-2025
